id;idun;first_name_rnet;last_name_rnet;first_name_pid;last_name_pid;nationality
1;Assistant;Market;program payment User-friendly;Team-oriented;index;auxiliary functionalities
2;Yémen;Inde deposit;indexing Ball;users;a Soft a;partnerships Uzbekistan intelligence
3;Ergonomic Generic bluetooth;copying;multi-byte;Handmade violet;primary;Renminbi plum
4;Dollar calculate Chair;Cheese Loan a;RSS COM;Boétie Loan Rustic;application;Hat Berkshire Towels
5;Robust connect Outdoors;transmitting Koweït;c Shirt Rubber;Table;Sausages;de
6;overriding Jordan multi-tasking;Account;high-level compressing;intuitive black Small;upward-trending Concrete wireless;Kids Open-source parsing
7;New c;deposit haptic b;c system-worthy;b scale Jewelery;bypass Frozen;Loire
8;monitor synthesizing;Stagiaire full-range;SAS;Mouse;multi-byte Haute-Normandie payment;connecting
9;invoice Investment;Afghani;XSS de deposit;de up;online deposit Directeur;compress user
10;Vaugirard Franche-Comté array;a Refined;transparent Peso;uniform quantify Wooden;state c primary;Bedfordshire Auvergne
