id;request_type;reference;first_name;last_name
1;mobile;Dollar SDD interface;Victoire;Le gall
2;alarm;Guinée SMS;Blaise;Marie
3;Solférino Pizza Account;Kwacha neural Agent;Norbert;Gonzalez
4;interactive;Synchronised instruction invoice;Adelphe;Robin
5;full-range Saint-Jacques transmitting;Egyptian card;Roch;Lefebvre
6;c Borders Dollar;payment e-business cross-platform;Morgane;Adam
7;mobile Re-contextualized Haute-Normandie;b;Nine;Olivier
8;Rubber Clothing;evolve Bedfordshire Tuna;Althée;Aubert
9;Bacon de;primary reboot;Héloïse;Barbier
10;Practical;redundant navigate;Ismérie;Leclerc
